,Sadia,Subhana,Abhi
Abyssinian,Images from 1 to 17,Images from 18 to 34,Images from 35 to 51
American Shorthair,Images from 1 to 17,Images from 18 to 34,Images from 35 to 52
Balinese,Images from 1 to 17,Images from 18 to 34,Images from 35 to 51
Bengal,Images from 1 to 17,Images from 18 to 34,Images from 35 to 52
Birman,Images from 1 to 17,Images from 18 to 34,Images from 35 to 51
British Shorthair,Images from 1 to 17,Images from 18 to 34,Images from 35 to 52
Burmese,Images from 1 to 17,Images from 18 to 34,Images from 35 to 51
Cornish Rex,Images from 1 to 20,Images from 21 to 40,Images from 41 to 62
Devon Rex,Images from 1 to 20,Images from 21 to 40,Images from 41 to 60
Egyptian Mau,Images from 1 to 21,Images from 22 to 42,Images from 43 to 63
Exotic,Images from 1 to 19,Images from 20 to 38,Images from 39 to 58
Japanese Bobtail,Images from 1 to 17,Images from 18 to 34,Images from 35 to 53
Maine Coon Cat,Images from 1 to 20,Images from 21 to 40,Images from 41 to 61
Norwegian Forest Cat,Images from 1 to 19,Images from 20 to 38,Images from 39 to 59
Oriental,Images from 1 to 20,Images from 21 to 40,Images from 41 to 61
Persian,Images from 1 to 19,Images from 20 to 38,Images from 39 to 59
Ragdoll,Images from 1 to 21,Images from 22 to 42,Images from 43 to 63
Russian Blue,Images from 1 to 21,Images from 22 to 42,Images from 43 to 63
Scottish Fold,Images from 1 to 20,Images from 21 to 40,Images from 41 to 61
Selkirk Rex,Images from 1 to 19,Images from 20 to 38,Images from 39 to 58
Siamese,Images from 1 to 21,Images from 22 to 42,Images from 43 to 64
Siberian,Images from 1 to 21,Images from 22 to 42,Images from 43 to 63
Sphynx,Images from 1 to 21,Images from 22 to 42,Images from 43 to 64
