Image ID,Path,Breed Name,Coat Length,Personality
Abyssinian_18,Split_By_Members/Subhana\Abyssinian\Abyssinian_18,Abyssinian,ShortHair,"Busy, active, agenda-driven and affectionate"
Abyssinian_19,Split_By_Members/Subhana\Abyssinian\Abyssinian_19,Abyssinian,ShortHair,"Busy, active, agenda-driven and affectionate"
Abyssinian_20,Split_By_Members/Subhana\Abyssinian\Abyssinian_20,Abyssinian,ShortHair,"Busy, active, agenda-driven and affectionate"
Abyssinian_21,Split_By_Members/Subhana\Abyssinian\Abyssinian_21,Abyssinian,ShortHair,"Busy, active, agenda-driven and affectionate"
Abyssinian_22,Split_By_Members/Subhana\Abyssinian\Abyssinian_22,Abyssinian,ShortHair,"Busy, active, agenda-driven and affectionate"
Abyssinian_23,Split_By_Members/Subhana\Abyssinian\Abyssinian_23,Abyssinian,ShortHair,"Busy, active, agenda-driven and affectionate"
Abyssinian_24,Split_By_Members/Subhana\Abyssinian\Abyssinian_24,Abyssinian,ShortHair,"Busy, active, agenda-driven and affectionate"
Abyssinian_25,Split_By_Members/Subhana\Abyssinian\Abyssinian_25,Abyssinian,ShortHair,"Busy, active, agenda-driven and affectionate"
Abyssinian_26,Split_By_Members/Subhana\Abyssinian\Abyssinian_26,Abyssinian,ShortHair,"Busy, active, agenda-driven and affectionate"
Abyssinian_27,Split_By_Members/Subhana\Abyssinian\Abyssinian_27,Abyssinian,ShortHair,"Busy, active, agenda-driven and affectionate"
Abyssinian_28,Split_By_Members/Subhana\Abyssinian\Abyssinian_28,Abyssinian,ShortHair,"Busy, active, agenda-driven and affectionate"
Abyssinian_29,Split_By_Members/Subhana\Abyssinian\Abyssinian_29,Abyssinian,ShortHair,"Busy, active, agenda-driven and affectionate"
Abyssinian_30,Split_By_Members/Subhana\Abyssinian\Abyssinian_30,Abyssinian,ShortHair,"Busy, active, agenda-driven and affectionate"
Abyssinian_31,Split_By_Members/Subhana\Abyssinian\Abyssinian_31,Abyssinian,ShortHair,"Busy, active, agenda-driven and affectionate"
Abyssinian_32,Split_By_Members/Subhana\Abyssinian\Abyssinian_32,Abyssinian,ShortHair,"Busy, active, agenda-driven and affectionate"
Abyssinian_33,Split_By_Members/Subhana\Abyssinian\Abyssinian_33,Abyssinian,ShortHair,"Busy, active, agenda-driven and affectionate"
Abyssinian_34,Split_By_Members/Subhana\Abyssinian\Abyssinian_34,Abyssinian,ShortHair,"Busy, active, agenda-driven and affectionate"
American_shorthair_18,Split_By_Members/Subhana\American Shorthair\American_shorthair_18,American Shorthair,Shorthair,Even temperament
American_shorthair_19,Split_By_Members/Subhana\American Shorthair\American_shorthair_19,American Shorthair,Shorthair,Even temperament
American_shorthair_20,Split_By_Members/Subhana\American Shorthair\American_shorthair_20,American Shorthair,Shorthair,Even temperament
American_shorthair_21,Split_By_Members/Subhana\American Shorthair\American_shorthair_21,American Shorthair,Shorthair,Even temperament
American_shorthair_22,Split_By_Members/Subhana\American Shorthair\American_shorthair_22,American Shorthair,Shorthair,Even temperament
American_shorthair_23,Split_By_Members/Subhana\American Shorthair\American_shorthair_23,American Shorthair,Shorthair,Even temperament
American_shorthair_24,Split_By_Members/Subhana\American Shorthair\American_shorthair_24,American Shorthair,Shorthair,Even temperament
American_shorthair_25,Split_By_Members/Subhana\American Shorthair\American_shorthair_25,American Shorthair,Shorthair,Even temperament
American_shorthair_26,Split_By_Members/Subhana\American Shorthair\American_shorthair_26,American Shorthair,Shorthair,Even temperament
American_shorthair_27,Split_By_Members/Subhana\American Shorthair\American_shorthair_27,American Shorthair,Shorthair,Even temperament
American_shorthair_28,Split_By_Members/Subhana\American Shorthair\American_shorthair_28,American Shorthair,Shorthair,Even temperament
American_shorthair_29,Split_By_Members/Subhana\American Shorthair\American_shorthair_29,American Shorthair,Shorthair,Even temperament
American_shorthair_30,Split_By_Members/Subhana\American Shorthair\American_shorthair_30,American Shorthair,Shorthair,Even temperament
American_shorthair_31,Split_By_Members/Subhana\American Shorthair\American_shorthair_31,American Shorthair,Shorthair,Even temperament
American_shorthair_32,Split_By_Members/Subhana\American Shorthair\American_shorthair_32,American Shorthair,Shorthair,Even temperament
American_shorthair_33,Split_By_Members/Subhana\American Shorthair\American_shorthair_33,American Shorthair,Shorthair,Even temperament
American_shorthair_34,Split_By_Members/Subhana\American Shorthair\American_shorthair_34,American Shorthair,Shorthair,Even temperament
Balinese_18,Split_By_Members/Subhana\Balinese\Balinese_18,Balinese,Longhair,"Vocal, affectionate, active"
Balinese_19,Split_By_Members/Subhana\Balinese\Balinese_19,Balinese,Longhair,"Vocal, affectionate, active"
Balinese_20,Split_By_Members/Subhana\Balinese\Balinese_20,Balinese,Longhair,"Vocal, affectionate, active"
Balinese_21,Split_By_Members/Subhana\Balinese\Balinese_21,Balinese,Longhair,"Vocal, affectionate, active"
Balinese_22,Split_By_Members/Subhana\Balinese\Balinese_22,Balinese,Longhair,"Vocal, affectionate, active"
Balinese_23,Split_By_Members/Subhana\Balinese\Balinese_23,Balinese,Longhair,"Vocal, affectionate, active"
Balinese_24,Split_By_Members/Subhana\Balinese\Balinese_24,Balinese,Longhair,"Vocal, affectionate, active"
Balinese_25,Split_By_Members/Subhana\Balinese\Balinese_25,Balinese,Longhair,"Vocal, affectionate, active"
Balinese_26,Split_By_Members/Subhana\Balinese\Balinese_26,Balinese,Longhair,"Vocal, affectionate, active"
Balinese_27,Split_By_Members/Subhana\Balinese\Balinese_27,Balinese,Longhair,"Vocal, affectionate, active"
Balinese_28,Split_By_Members/Subhana\Balinese\Balinese_28,Balinese,Longhair,"Vocal, affectionate, active"
Balinese_29,Split_By_Members/Subhana\Balinese\Balinese_29,Balinese,Longhair,"Vocal, affectionate, active"
Balinese_30,Split_By_Members/Subhana\Balinese\Balinese_30,Balinese,Longhair,"Vocal, affectionate, active"
Balinese_31,Split_By_Members/Subhana\Balinese\Balinese_31,Balinese,Longhair,"Vocal, affectionate, active"
Balinese_32,Split_By_Members/Subhana\Balinese\Balinese_32,Balinese,Longhair,"Vocal, affectionate, active"
Balinese_33,Split_By_Members/Subhana\Balinese\Balinese_33,Balinese,Longhair,"Vocal, affectionate, active"
Balinese_34,Split_By_Members/Subhana\Balinese\Balinese_34,Balinese,Longhair,"Vocal, affectionate, active"
Bengal_18,Split_By_Members/Subhana\Bengal\Bengal_18,Bengal,Shorthair,Curious and athletic
Bengal_19,Split_By_Members/Subhana\Bengal\Bengal_19,Bengal,Shorthair,Curious and athletic
Bengal_20,Split_By_Members/Subhana\Bengal\Bengal_20,Bengal,Shorthair,Curious and athletic
Bengal_21,Split_By_Members/Subhana\Bengal\Bengal_21,Bengal,Shorthair,Curious and athletic
Bengal_22,Split_By_Members/Subhana\Bengal\Bengal_22,Bengal,Shorthair,Curious and athletic
Bengal_23,Split_By_Members/Subhana\Bengal\Bengal_23,Bengal,Shorthair,Curious and athletic
Bengal_24,Split_By_Members/Subhana\Bengal\Bengal_24,Bengal,Shorthair,Curious and athletic
Bengal_25,Split_By_Members/Subhana\Bengal\Bengal_25,Bengal,Shorthair,Curious and athletic
Bengal_26,Split_By_Members/Subhana\Bengal\Bengal_26,Bengal,Shorthair,Curious and athletic
Bengal_27,Split_By_Members/Subhana\Bengal\Bengal_27,Bengal,Shorthair,Curious and athletic
Bengal_28,Split_By_Members/Subhana\Bengal\Bengal_28,Bengal,Shorthair,Curious and athletic
Bengal_29,Split_By_Members/Subhana\Bengal\Bengal_29,Bengal,Shorthair,Curious and athletic
Bengal_30,Split_By_Members/Subhana\Bengal\Bengal_30,Bengal,Shorthair,Curious and athletic
Bengal_31,Split_By_Members/Subhana\Bengal\Bengal_31,Bengal,Shorthair,Curious and athletic
Bengal_32,Split_By_Members/Subhana\Bengal\Bengal_32,Bengal,Shorthair,Curious and athletic
Bengal_33,Split_By_Members/Subhana\Bengal\Bengal_33,Bengal,Shorthair,Curious and athletic
Bengal_34,Split_By_Members/Subhana\Bengal\Bengal_34,Bengal,Shorthair,Curious and athletic
Birman_18,Split_By_Members/Subhana\Birman\Birman_18,Birman,Longhair,Sweet and affectionate
Birman_19,Split_By_Members/Subhana\Birman\Birman_19,Birman,Longhair,Sweet and affectionate
Birman_20,Split_By_Members/Subhana\Birman\Birman_20,Birman,Longhair,Sweet and affectionate
Birman_21,Split_By_Members/Subhana\Birman\Birman_21,Birman,Longhair,Sweet and affectionate
Birman_22,Split_By_Members/Subhana\Birman\Birman_22,Birman,Longhair,Sweet and affectionate
Birman_23,Split_By_Members/Subhana\Birman\Birman_23,Birman,Longhair,Sweet and affectionate
Birman_24,Split_By_Members/Subhana\Birman\Birman_24,Birman,Longhair,Sweet and affectionate
Birman_25,Split_By_Members/Subhana\Birman\Birman_25,Birman,Longhair,Sweet and affectionate
Birman_26,Split_By_Members/Subhana\Birman\Birman_26,Birman,Longhair,Sweet and affectionate
Birman_27,Split_By_Members/Subhana\Birman\Birman_27,Birman,Longhair,Sweet and affectionate
Birman_28,Split_By_Members/Subhana\Birman\Birman_28,Birman,Longhair,Sweet and affectionate
Birman_29,Split_By_Members/Subhana\Birman\Birman_29,Birman,Longhair,Sweet and affectionate
Birman_30,Split_By_Members/Subhana\Birman\Birman_30,Birman,Longhair,Sweet and affectionate
Birman_31,Split_By_Members/Subhana\Birman\Birman_31,Birman,Longhair,Sweet and affectionate
Birman_32,Split_By_Members/Subhana\Birman\Birman_32,Birman,Longhair,Sweet and affectionate
Birman_33,Split_By_Members/Subhana\Birman\Birman_33,Birman,Longhair,Sweet and affectionate
Birman_34,Split_By_Members/Subhana\Birman\Birman_34,Birman,Longhair,Sweet and affectionate
British_shorthair_18,Split_By_Members/Subhana\British Shorthair\British_shorthair_18,British Shorthair,Shorthair,Calm and quiet; enjoy people
British_shorthair_19,Split_By_Members/Subhana\British Shorthair\British_shorthair_19,British Shorthair,Shorthair,Calm and quiet; enjoy people
British_shorthair_20,Split_By_Members/Subhana\British Shorthair\British_shorthair_20,British Shorthair,Shorthair,Calm and quiet; enjoy people
British_shorthair_21,Split_By_Members/Subhana\British Shorthair\British_shorthair_21,British Shorthair,Shorthair,Calm and quiet; enjoy people
British_shorthair_22,Split_By_Members/Subhana\British Shorthair\British_shorthair_22,British Shorthair,Shorthair,Calm and quiet; enjoy people
British_shorthair_23,Split_By_Members/Subhana\British Shorthair\British_shorthair_23,British Shorthair,Shorthair,Calm and quiet; enjoy people
British_shorthair_24,Split_By_Members/Subhana\British Shorthair\British_shorthair_24,British Shorthair,Shorthair,Calm and quiet; enjoy people
British_shorthair_25,Split_By_Members/Subhana\British Shorthair\British_shorthair_25,British Shorthair,Shorthair,Calm and quiet; enjoy people
British_shorthair_26,Split_By_Members/Subhana\British Shorthair\British_shorthair_26,British Shorthair,Shorthair,Calm and quiet; enjoy people
British_shorthair_27,Split_By_Members/Subhana\British Shorthair\British_shorthair_27,British Shorthair,Shorthair,Calm and quiet; enjoy people
British_shorthair_28,Split_By_Members/Subhana\British Shorthair\British_shorthair_28,British Shorthair,Shorthair,Calm and quiet; enjoy people
British_shorthair_29,Split_By_Members/Subhana\British Shorthair\British_shorthair_29,British Shorthair,Shorthair,Calm and quiet; enjoy people
British_shorthair_30,Split_By_Members/Subhana\British Shorthair\British_shorthair_30,British Shorthair,Shorthair,Calm and quiet; enjoy people
British_shorthair_31,Split_By_Members/Subhana\British Shorthair\British_shorthair_31,British Shorthair,Shorthair,Calm and quiet; enjoy people
British_shorthair_32,Split_By_Members/Subhana\British Shorthair\British_shorthair_32,British Shorthair,Shorthair,Calm and quiet; enjoy people
British_shorthair_33,Split_By_Members/Subhana\British Shorthair\British_shorthair_33,British Shorthair,Shorthair,Calm and quiet; enjoy people
British_shorthair_34,Split_By_Members/Subhana\British Shorthair\British_shorthair_34,British Shorthair,Shorthair,Calm and quiet; enjoy people
Burmese_18,Split_By_Members/Subhana\Burmese\Burmese_18,Burmese,Shorthair,"People oriented, affectionate"
Burmese_19,Split_By_Members/Subhana\Burmese\Burmese_19,Burmese,Shorthair,"People oriented, affectionate"
Burmese_20,Split_By_Members/Subhana\Burmese\Burmese_20,Burmese,Shorthair,"People oriented, affectionate"
Burmese_21,Split_By_Members/Subhana\Burmese\Burmese_21,Burmese,Shorthair,"People oriented, affectionate"
Burmese_22,Split_By_Members/Subhana\Burmese\Burmese_22,Burmese,Shorthair,"People oriented, affectionate"
Burmese_23,Split_By_Members/Subhana\Burmese\Burmese_23,Burmese,Shorthair,"People oriented, affectionate"
Burmese_24,Split_By_Members/Subhana\Burmese\Burmese_24,Burmese,Shorthair,"People oriented, affectionate"
Burmese_25,Split_By_Members/Subhana\Burmese\Burmese_25,Burmese,Shorthair,"People oriented, affectionate"
Burmese_26,Split_By_Members/Subhana\Burmese\Burmese_26,Burmese,Shorthair,"People oriented, affectionate"
Burmese_27,Split_By_Members/Subhana\Burmese\Burmese_27,Burmese,Shorthair,"People oriented, affectionate"
Burmese_28,Split_By_Members/Subhana\Burmese\Burmese_28,Burmese,Shorthair,"People oriented, affectionate"
Burmese_29,Split_By_Members/Subhana\Burmese\Burmese_29,Burmese,Shorthair,"People oriented, affectionate"
Burmese_30,Split_By_Members/Subhana\Burmese\Burmese_30,Burmese,Shorthair,"People oriented, affectionate"
Burmese_31,Split_By_Members/Subhana\Burmese\Burmese_31,Burmese,Shorthair,"People oriented, affectionate"
Burmese_32,Split_By_Members/Subhana\Burmese\Burmese_32,Burmese,Shorthair,"People oriented, affectionate"
Burmese_33,Split_By_Members/Subhana\Burmese\Burmese_33,Burmese,Shorthair,"People oriented, affectionate"
Burmese_34,Split_By_Members/Subhana\Burmese\Burmese_34,Burmese,Shorthair,"People oriented, affectionate"
Cornish_Rex_32,Split_By_Members/Subhana\Cornish Rex\Cornish_Rex_32,Cornish Rex,Shorthair,"Active, racy, affectionate"
Cornish_Rex_33,Split_By_Members/Subhana\Cornish Rex\Cornish_Rex_33,Cornish Rex,Shorthair,"Active, racy, affectionate"
Cornish_Rex_34,Split_By_Members/Subhana\Cornish Rex\Cornish_Rex_34,Cornish Rex,Shorthair,"Active, racy, affectionate"
Cornish_Rex_35,Split_By_Members/Subhana\Cornish Rex\Cornish_Rex_35,Cornish Rex,Shorthair,"Active, racy, affectionate"
Cornish_Rex_36,Split_By_Members/Subhana\Cornish Rex\Cornish_Rex_36,Cornish Rex,Shorthair,"Active, racy, affectionate"
Cornish_Rex_37,Split_By_Members/Subhana\Cornish Rex\Cornish_Rex_37,Cornish Rex,Shorthair,"Active, racy, affectionate"
Cornish_Rex_38,Split_By_Members/Subhana\Cornish Rex\Cornish_Rex_38,Cornish Rex,Shorthair,"Active, racy, affectionate"
Cornish_Rex_39,Split_By_Members/Subhana\Cornish Rex\Cornish_Rex_39,Cornish Rex,Shorthair,"Active, racy, affectionate"
Cornish_Rex_40,Split_By_Members/Subhana\Cornish Rex\Cornish_Rex_40,Cornish Rex,Shorthair,"Active, racy, affectionate"
Cornish_Rex_41,Split_By_Members/Subhana\Cornish Rex\Cornish_Rex_41,Cornish Rex,Shorthair,"Active, racy, affectionate"
Cornish_Rex_42,Split_By_Members/Subhana\Cornish Rex\Cornish_Rex_42,Cornish Rex,Shorthair,"Active, racy, affectionate"
Cornish_Rex_43,Split_By_Members/Subhana\Cornish Rex\Cornish_Rex_43,Cornish Rex,Shorthair,"Active, racy, affectionate"
Cornish_Rex_44,Split_By_Members/Subhana\Cornish Rex\Cornish_Rex_44,Cornish Rex,Shorthair,"Active, racy, affectionate"
Cornish_Rex_45,Split_By_Members/Subhana\Cornish Rex\Cornish_Rex_45,Cornish Rex,Shorthair,"Active, racy, affectionate"
Cornish_Rex_46,Split_By_Members/Subhana\Cornish Rex\Cornish_Rex_46,Cornish Rex,Shorthair,"Active, racy, affectionate"
Cornish_Rex_47,Split_By_Members/Subhana\Cornish Rex\Cornish_Rex_47,Cornish Rex,Shorthair,"Active, racy, affectionate"
Cornish_Rex_48,Split_By_Members/Subhana\Cornish Rex\Cornish_Rex_48,Cornish Rex,Shorthair,"Active, racy, affectionate"
Cornish_Rex_49,Split_By_Members/Subhana\Cornish Rex\Cornish_Rex_49,Cornish Rex,Shorthair,"Active, racy, affectionate"
Cornish_Rex_50,Split_By_Members/Subhana\Cornish Rex\Cornish_Rex_50,Cornish Rex,Shorthair,"Active, racy, affectionate"
Cornish_Rex_51,Split_By_Members/Subhana\Cornish Rex\Cornish_Rex_51,Cornish Rex,Shorthair,"Active, racy, affectionate"
Devon_Rex_31,Split_By_Members/Subhana\Devon Rex\Devon_Rex_31,Devon Rex,Shorthair,Pixie like and personality
Devon_Rex_32,Split_By_Members/Subhana\Devon Rex\Devon_Rex_32,Devon Rex,Shorthair,Pixie like and personality
Devon_Rex_33,Split_By_Members/Subhana\Devon Rex\Devon_Rex_33,Devon Rex,Shorthair,Pixie like and personality
Devon_Rex_34,Split_By_Members/Subhana\Devon Rex\Devon_Rex_34,Devon Rex,Shorthair,Pixie like and personality
Devon_Rex_35,Split_By_Members/Subhana\Devon Rex\Devon_Rex_35,Devon Rex,Shorthair,Pixie like and personality
Devon_Rex_36,Split_By_Members/Subhana\Devon Rex\Devon_Rex_36,Devon Rex,Shorthair,Pixie like and personality
Devon_Rex_37,Split_By_Members/Subhana\Devon Rex\Devon_Rex_37,Devon Rex,Shorthair,Pixie like and personality
Devon_Rex_38,Split_By_Members/Subhana\Devon Rex\Devon_Rex_38,Devon Rex,Shorthair,Pixie like and personality
Devon_Rex_39,Split_By_Members/Subhana\Devon Rex\Devon_Rex_39,Devon Rex,Shorthair,Pixie like and personality
Devon_Rex_40,Split_By_Members/Subhana\Devon Rex\Devon_Rex_40,Devon Rex,Shorthair,Pixie like and personality
Devon_Rex_41,Split_By_Members/Subhana\Devon Rex\Devon_Rex_41,Devon Rex,Shorthair,Pixie like and personality
Devon_Rex_42,Split_By_Members/Subhana\Devon Rex\Devon_Rex_42,Devon Rex,Shorthair,Pixie like and personality
Devon_Rex_43,Split_By_Members/Subhana\Devon Rex\Devon_Rex_43,Devon Rex,Shorthair,Pixie like and personality
Devon_Rex_44,Split_By_Members/Subhana\Devon Rex\Devon_Rex_44,Devon Rex,Shorthair,Pixie like and personality
Devon_Rex_45,Split_By_Members/Subhana\Devon Rex\Devon_Rex_45,Devon Rex,Shorthair,Pixie like and personality
Devon_Rex_46,Split_By_Members/Subhana\Devon Rex\Devon_Rex_46,Devon Rex,Shorthair,Pixie like and personality
Devon_Rex_47,Split_By_Members/Subhana\Devon Rex\Devon_Rex_47,Devon Rex,Shorthair,Pixie like and personality
Devon_Rex_48,Split_By_Members/Subhana\Devon Rex\Devon_Rex_48,Devon Rex,Shorthair,Pixie like and personality
Devon_Rex_49,Split_By_Members/Subhana\Devon Rex\Devon_Rex_49,Devon Rex,Shorthair,Pixie like and personality
Devon_Rex_50,Split_By_Members/Subhana\Devon Rex\Devon_Rex_50,Devon Rex,Shorthair,Pixie like and personality
Egyptian_Mau_32,Split_By_Members/Subhana\Egyptian Mau\Egyptian_Mau_32,Egyptian Mau,Shorthair,Athletic and active
Egyptian_Mau_33,Split_By_Members/Subhana\Egyptian Mau\Egyptian_Mau_33,Egyptian Mau,Shorthair,Athletic and active
Egyptian_Mau_34,Split_By_Members/Subhana\Egyptian Mau\Egyptian_Mau_34,Egyptian Mau,Shorthair,Athletic and active
Egyptian_Mau_35,Split_By_Members/Subhana\Egyptian Mau\Egyptian_Mau_35,Egyptian Mau,Shorthair,Athletic and active
Egyptian_Mau_36,Split_By_Members/Subhana\Egyptian Mau\Egyptian_Mau_36,Egyptian Mau,Shorthair,Athletic and active
Egyptian_Mau_37,Split_By_Members/Subhana\Egyptian Mau\Egyptian_Mau_37,Egyptian Mau,Shorthair,Athletic and active
Egyptian_Mau_38,Split_By_Members/Subhana\Egyptian Mau\Egyptian_Mau_38,Egyptian Mau,Shorthair,Athletic and active
Egyptian_Mau_39,Split_By_Members/Subhana\Egyptian Mau\Egyptian_Mau_39,Egyptian Mau,Shorthair,Athletic and active
Egyptian_Mau_40,Split_By_Members/Subhana\Egyptian Mau\Egyptian_Mau_40,Egyptian Mau,Shorthair,Athletic and active
Egyptian_Mau_41,Split_By_Members/Subhana\Egyptian Mau\Egyptian_Mau_41,Egyptian Mau,Shorthair,Athletic and active
Egyptian_Mau_42,Split_By_Members/Subhana\Egyptian Mau\Egyptian_Mau_42,Egyptian Mau,Shorthair,Athletic and active
Egyptian_Mau_43,Split_By_Members/Subhana\Egyptian Mau\Egyptian_Mau_43,Egyptian Mau,Shorthair,Athletic and active
Egyptian_Mau_44,Split_By_Members/Subhana\Egyptian Mau\Egyptian_Mau_44,Egyptian Mau,Shorthair,Athletic and active
Egyptian_Mau_45,Split_By_Members/Subhana\Egyptian Mau\Egyptian_Mau_45,Egyptian Mau,Shorthair,Athletic and active
Egyptian_Mau_46,Split_By_Members/Subhana\Egyptian Mau\Egyptian_Mau_46,Egyptian Mau,Shorthair,Athletic and active
Egyptian_Mau_47,Split_By_Members/Subhana\Egyptian Mau\Egyptian_Mau_47,Egyptian Mau,Shorthair,Athletic and active
Egyptian_Mau_48,Split_By_Members/Subhana\Egyptian Mau\Egyptian_Mau_48,Egyptian Mau,Shorthair,Athletic and active
Egyptian_Mau_49,Split_By_Members/Subhana\Egyptian Mau\Egyptian_Mau_49,Egyptian Mau,Shorthair,Athletic and active
Egyptian_Mau_50,Split_By_Members/Subhana\Egyptian Mau\Egyptian_Mau_50,Egyptian Mau,Shorthair,Athletic and active
Egyptian_Mau_51,Split_By_Members/Subhana\Egyptian Mau\Egyptian_Mau_51,Egyptian Mau,Shorthair,Athletic and active
Egyptian_Mau_52,Split_By_Members/Subhana\Egyptian Mau\Egyptian_Mau_52,Egyptian Mau,Shorthair,Athletic and active
Exotic_29,Split_By_Members/Subhana\Exotic\Exotic_29,Exotic,Longhair and Shorthair,"Sweet, affectionate, quiet"
Exotic_30,Split_By_Members/Subhana\Exotic\Exotic_30,Exotic,Longhair and Shorthair,"Sweet, affectionate, quiet"
Exotic_31,Split_By_Members/Subhana\Exotic\Exotic_31,Exotic,Longhair and Shorthair,"Sweet, affectionate, quiet"
Exotic_32,Split_By_Members/Subhana\Exotic\Exotic_32,Exotic,Longhair and Shorthair,"Sweet, affectionate, quiet"
Exotic_33,Split_By_Members/Subhana\Exotic\Exotic_33,Exotic,Longhair and Shorthair,"Sweet, affectionate, quiet"
Exotic_35,Split_By_Members/Subhana\Exotic\Exotic_35,Exotic,Longhair and Shorthair,"Sweet, affectionate, quiet"
Exotic_36,Split_By_Members/Subhana\Exotic\Exotic_36,Exotic,Longhair and Shorthair,"Sweet, affectionate, quiet"
Exotic_37,Split_By_Members/Subhana\Exotic\Exotic_37,Exotic,Longhair and Shorthair,"Sweet, affectionate, quiet"
Exotic_38,Split_By_Members/Subhana\Exotic\Exotic_38,Exotic,Longhair and Shorthair,"Sweet, affectionate, quiet"
Exotic_39,Split_By_Members/Subhana\Exotic\Exotic_39,Exotic,Longhair and Shorthair,"Sweet, affectionate, quiet"
Exotic_40,Split_By_Members/Subhana\Exotic\Exotic_40,Exotic,Longhair and Shorthair,"Sweet, affectionate, quiet"
Exotic_41,Split_By_Members/Subhana\Exotic\Exotic_41,Exotic,Longhair and Shorthair,"Sweet, affectionate, quiet"
Exotic_42,Split_By_Members/Subhana\Exotic\Exotic_42,Exotic,Longhair and Shorthair,"Sweet, affectionate, quiet"
Exotic_43,Split_By_Members/Subhana\Exotic\Exotic_43,Exotic,Longhair and Shorthair,"Sweet, affectionate, quiet"
Exotic_44,Split_By_Members/Subhana\Exotic\Exotic_44,Exotic,Longhair and Shorthair,"Sweet, affectionate, quiet"
Exotic_45,Split_By_Members/Subhana\Exotic\Exotic_45,Exotic,Longhair and Shorthair,"Sweet, affectionate, quiet"
Exotic_46,Split_By_Members/Subhana\Exotic\Exotic_46,Exotic,Longhair and Shorthair,"Sweet, affectionate, quiet"
Exotic_47,Split_By_Members/Subhana\Exotic\Exotic_47,Exotic,Longhair and Shorthair,"Sweet, affectionate, quiet"
Exotic_48,Split_By_Members/Subhana\Exotic\Exotic_48,Exotic,Longhair and Shorthair,"Sweet, affectionate, quiet"
Japanese_Bobtail_27,Split_By_Members/Subhana\Japanese Bobtail\Japanese_Bobtail_27,Japanese Bobtail,Longhair and Shorthair,"Active, intelligent, and affectionate"
Japanese_Bobtail_28,Split_By_Members/Subhana\Japanese Bobtail\Japanese_Bobtail_28,Japanese Bobtail,Longhair and Shorthair,"Active, intelligent, and affectionate"
Japanese_Bobtail_29,Split_By_Members/Subhana\Japanese Bobtail\Japanese_Bobtail_29,Japanese Bobtail,Longhair and Shorthair,"Active, intelligent, and affectionate"
Japanese_Bobtail_30,Split_By_Members/Subhana\Japanese Bobtail\Japanese_Bobtail_30,Japanese Bobtail,Longhair and Shorthair,"Active, intelligent, and affectionate"
Japanese_Bobtail_31,Split_By_Members/Subhana\Japanese Bobtail\Japanese_Bobtail_31,Japanese Bobtail,Longhair and Shorthair,"Active, intelligent, and affectionate"
Japanese_Bobtail_32,Split_By_Members/Subhana\Japanese Bobtail\Japanese_Bobtail_32,Japanese Bobtail,Longhair and Shorthair,"Active, intelligent, and affectionate"
Japanese_Bobtail_33,Split_By_Members/Subhana\Japanese Bobtail\Japanese_Bobtail_33,Japanese Bobtail,Longhair and Shorthair,"Active, intelligent, and affectionate"
Japanese_Bobtail_34,Split_By_Members/Subhana\Japanese Bobtail\Japanese_Bobtail_34,Japanese Bobtail,Longhair and Shorthair,"Active, intelligent, and affectionate"
Japanese_Bobtail_35,Split_By_Members/Subhana\Japanese Bobtail\Japanese_Bobtail_35,Japanese Bobtail,Longhair and Shorthair,"Active, intelligent, and affectionate"
Japanese_Bobtail_36,Split_By_Members/Subhana\Japanese Bobtail\Japanese_Bobtail_36,Japanese Bobtail,Longhair and Shorthair,"Active, intelligent, and affectionate"
Japanese_Bobtail_37,Split_By_Members/Subhana\Japanese Bobtail\Japanese_Bobtail_37,Japanese Bobtail,Longhair and Shorthair,"Active, intelligent, and affectionate"
Japanese_Bobtail_38,Split_By_Members/Subhana\Japanese Bobtail\Japanese_Bobtail_38,Japanese Bobtail,Longhair and Shorthair,"Active, intelligent, and affectionate"
Japanese_Bobtail_39,Split_By_Members/Subhana\Japanese Bobtail\Japanese_Bobtail_39,Japanese Bobtail,Longhair and Shorthair,"Active, intelligent, and affectionate"
Japanese_Bobtail_40,Split_By_Members/Subhana\Japanese Bobtail\Japanese_Bobtail_40,Japanese Bobtail,Longhair and Shorthair,"Active, intelligent, and affectionate"
Japanese_Bobtail_41,Split_By_Members/Subhana\Japanese Bobtail\Japanese_Bobtail_41,Japanese Bobtail,Longhair and Shorthair,"Active, intelligent, and affectionate"
Japanese_Bobtail_42,Split_By_Members/Subhana\Japanese Bobtail\Japanese_Bobtail_42,Japanese Bobtail,Longhair and Shorthair,"Active, intelligent, and affectionate"
Japanese_Bobtail_44,Split_By_Members/Subhana\Japanese Bobtail\Japanese_Bobtail_44,Japanese Bobtail,Longhair and Shorthair,"Active, intelligent, and affectionate"
Maine_Coon_Cat_32,Split_By_Members/Subhana\Maine Coon Cat\Maine_Coon_Cat_32,Maine Coon Cat,Longhair,"Gentle, easy going yet active"
Maine_Coon_Cat_33,Split_By_Members/Subhana\Maine Coon Cat\Maine_Coon_Cat_33,Maine Coon Cat,Longhair,"Gentle, easy going yet active"
Maine_Coon_Cat_34,Split_By_Members/Subhana\Maine Coon Cat\Maine_Coon_Cat_34,Maine Coon Cat,Longhair,"Gentle, easy going yet active"
Maine_Coon_Cat_35,Split_By_Members/Subhana\Maine Coon Cat\Maine_Coon_Cat_35,Maine Coon Cat,Longhair,"Gentle, easy going yet active"
Maine_Coon_Cat_36,Split_By_Members/Subhana\Maine Coon Cat\Maine_Coon_Cat_36,Maine Coon Cat,Longhair,"Gentle, easy going yet active"
Maine_Coon_Cat_37,Split_By_Members/Subhana\Maine Coon Cat\Maine_Coon_Cat_37,Maine Coon Cat,Longhair,"Gentle, easy going yet active"
Maine_Coon_Cat_38,Split_By_Members/Subhana\Maine Coon Cat\Maine_Coon_Cat_38,Maine Coon Cat,Longhair,"Gentle, easy going yet active"
Maine_Coon_Cat_39,Split_By_Members/Subhana\Maine Coon Cat\Maine_Coon_Cat_39,Maine Coon Cat,Longhair,"Gentle, easy going yet active"
Maine_Coon_Cat_40,Split_By_Members/Subhana\Maine Coon Cat\Maine_Coon_Cat_40,Maine Coon Cat,Longhair,"Gentle, easy going yet active"
Maine_Coon_Cat_41,Split_By_Members/Subhana\Maine Coon Cat\Maine_Coon_Cat_41,Maine Coon Cat,Longhair,"Gentle, easy going yet active"
Maine_Coon_Cat_42,Split_By_Members/Subhana\Maine Coon Cat\Maine_Coon_Cat_42,Maine Coon Cat,Longhair,"Gentle, easy going yet active"
Maine_Coon_Cat_43,Split_By_Members/Subhana\Maine Coon Cat\Maine_Coon_Cat_43,Maine Coon Cat,Longhair,"Gentle, easy going yet active"
Maine_Coon_Cat_44,Split_By_Members/Subhana\Maine Coon Cat\Maine_Coon_Cat_44,Maine Coon Cat,Longhair,"Gentle, easy going yet active"
Maine_Coon_Cat_45,Split_By_Members/Subhana\Maine Coon Cat\Maine_Coon_Cat_45,Maine Coon Cat,Longhair,"Gentle, easy going yet active"
Maine_Coon_Cat_46,Split_By_Members/Subhana\Maine Coon Cat\Maine_Coon_Cat_46,Maine Coon Cat,Longhair,"Gentle, easy going yet active"
Maine_Coon_Cat_47,Split_By_Members/Subhana\Maine Coon Cat\Maine_Coon_Cat_47,Maine Coon Cat,Longhair,"Gentle, easy going yet active"
Maine_Coon_Cat_48,Split_By_Members/Subhana\Maine Coon Cat\Maine_Coon_Cat_48,Maine Coon Cat,Longhair,"Gentle, easy going yet active"
Maine_Coon_Cat_49,Split_By_Members/Subhana\Maine Coon Cat\Maine_Coon_Cat_49,Maine Coon Cat,Longhair,"Gentle, easy going yet active"
Maine_Coon_Cat_50,Split_By_Members/Subhana\Maine Coon Cat\Maine_Coon_Cat_50,Maine Coon Cat,Longhair,"Gentle, easy going yet active"
Maine_Coon_Cat_51,Split_By_Members/Subhana\Maine Coon Cat\Maine_Coon_Cat_51,Maine Coon Cat,Longhair,"Gentle, easy going yet active"
Norwegian_Forest_Cat_29,Split_By_Members/Subhana\Norwegian Forest Cat\Norwegian_Forest_Cat_29,Norwegian Forest Cat,Longhair,Active and sweet
Norwegian_Forest_Cat_30,Split_By_Members/Subhana\Norwegian Forest Cat\Norwegian_Forest_Cat_30,Norwegian Forest Cat,Longhair,Active and sweet
Norwegian_Forest_Cat_31,Split_By_Members/Subhana\Norwegian Forest Cat\Norwegian_Forest_Cat_31,Norwegian Forest Cat,Longhair,Active and sweet
Norwegian_Forest_Cat_32,Split_By_Members/Subhana\Norwegian Forest Cat\Norwegian_Forest_Cat_32,Norwegian Forest Cat,Longhair,Active and sweet
Norwegian_Forest_Cat_33,Split_By_Members/Subhana\Norwegian Forest Cat\Norwegian_Forest_Cat_33,Norwegian Forest Cat,Longhair,Active and sweet
Norwegian_Forest_Cat_34,Split_By_Members/Subhana\Norwegian Forest Cat\Norwegian_Forest_Cat_34,Norwegian Forest Cat,Longhair,Active and sweet
Norwegian_Forest_Cat_35,Split_By_Members/Subhana\Norwegian Forest Cat\Norwegian_Forest_Cat_35,Norwegian Forest Cat,Longhair,Active and sweet
Norwegian_Forest_Cat_36,Split_By_Members/Subhana\Norwegian Forest Cat\Norwegian_Forest_Cat_36,Norwegian Forest Cat,Longhair,Active and sweet
Norwegian_Forest_Cat_37,Split_By_Members/Subhana\Norwegian Forest Cat\Norwegian_Forest_Cat_37,Norwegian Forest Cat,Longhair,Active and sweet
Norwegian_Forest_Cat_38,Split_By_Members/Subhana\Norwegian Forest Cat\Norwegian_Forest_Cat_38,Norwegian Forest Cat,Longhair,Active and sweet
Norwegian_Forest_Cat_39,Split_By_Members/Subhana\Norwegian Forest Cat\Norwegian_Forest_Cat_39,Norwegian Forest Cat,Longhair,Active and sweet
Norwegian_Forest_Cat_40,Split_By_Members/Subhana\Norwegian Forest Cat\Norwegian_Forest_Cat_40,Norwegian Forest Cat,Longhair,Active and sweet
Norwegian_Forest_Cat_41,Split_By_Members/Subhana\Norwegian Forest Cat\Norwegian_Forest_Cat_41,Norwegian Forest Cat,Longhair,Active and sweet
Norwegian_Forest_Cat_42,Split_By_Members/Subhana\Norwegian Forest Cat\Norwegian_Forest_Cat_42,Norwegian Forest Cat,Longhair,Active and sweet
Norwegian_Forest_Cat_43,Split_By_Members/Subhana\Norwegian Forest Cat\Norwegian_Forest_Cat_43,Norwegian Forest Cat,Longhair,Active and sweet
Norwegian_Forest_Cat_44,Split_By_Members/Subhana\Norwegian Forest Cat\Norwegian_Forest_Cat_44,Norwegian Forest Cat,Longhair,Active and sweet
Norwegian_Forest_Cat_45,Split_By_Members/Subhana\Norwegian Forest Cat\Norwegian_Forest_Cat_45,Norwegian Forest Cat,Longhair,Active and sweet
Norwegian_Forest_Cat_46,Split_By_Members/Subhana\Norwegian Forest Cat\Norwegian_Forest_Cat_46,Norwegian Forest Cat,Longhair,Active and sweet
Norwegian_Forest_Cat_47,Split_By_Members/Subhana\Norwegian Forest Cat\Norwegian_Forest_Cat_47,Norwegian Forest Cat,Longhair,Active and sweet
Oriental_31,Split_By_Members/Subhana\Oriental\Oriental_31,Oriental,Longhair and Shorthair,"Vocal, affectionate, active; can be insistent"
Oriental_32,Split_By_Members/Subhana\Oriental\Oriental_32,Oriental,Longhair and Shorthair,"Vocal, affectionate, active; can be insistent"
Oriental_33,Split_By_Members/Subhana\Oriental\Oriental_33,Oriental,Longhair and Shorthair,"Vocal, affectionate, active; can be insistent"
Oriental_34,Split_By_Members/Subhana\Oriental\Oriental_34,Oriental,Longhair and Shorthair,"Vocal, affectionate, active; can be insistent"
Oriental_35,Split_By_Members/Subhana\Oriental\Oriental_35,Oriental,Longhair and Shorthair,"Vocal, affectionate, active; can be insistent"
Oriental_36,Split_By_Members/Subhana\Oriental\Oriental_36,Oriental,Longhair and Shorthair,"Vocal, affectionate, active; can be insistent"
Oriental_37,Split_By_Members/Subhana\Oriental\Oriental_37,Oriental,Longhair and Shorthair,"Vocal, affectionate, active; can be insistent"
Oriental_38,Split_By_Members/Subhana\Oriental\Oriental_38,Oriental,Longhair and Shorthair,"Vocal, affectionate, active; can be insistent"
Oriental_39,Split_By_Members/Subhana\Oriental\Oriental_39,Oriental,Longhair and Shorthair,"Vocal, affectionate, active; can be insistent"
Oriental_40,Split_By_Members/Subhana\Oriental\Oriental_40,Oriental,Longhair and Shorthair,"Vocal, affectionate, active; can be insistent"
Oriental_41,Split_By_Members/Subhana\Oriental\Oriental_41,Oriental,Longhair and Shorthair,"Vocal, affectionate, active; can be insistent"
Oriental_42,Split_By_Members/Subhana\Oriental\Oriental_42,Oriental,Longhair and Shorthair,"Vocal, affectionate, active; can be insistent"
Oriental_43,Split_By_Members/Subhana\Oriental\Oriental_43,Oriental,Longhair and Shorthair,"Vocal, affectionate, active; can be insistent"
Oriental_44,Split_By_Members/Subhana\Oriental\Oriental_44,Oriental,Longhair and Shorthair,"Vocal, affectionate, active; can be insistent"
Oriental_45,Split_By_Members/Subhana\Oriental\Oriental_45,Oriental,Longhair and Shorthair,"Vocal, affectionate, active; can be insistent"
Oriental_46,Split_By_Members/Subhana\Oriental\Oriental_46,Oriental,Longhair and Shorthair,"Vocal, affectionate, active; can be insistent"
Oriental_49,Split_By_Members/Subhana\Oriental\Oriental_49,Oriental,Longhair and Shorthair,"Vocal, affectionate, active; can be insistent"
Oriental_50,Split_By_Members/Subhana\Oriental\Oriental_50,Oriental,Longhair and Shorthair,"Vocal, affectionate, active; can be insistent"
Oriental_51,Split_By_Members/Subhana\Oriental\Oriental_51,Oriental,Longhair and Shorthair,"Vocal, affectionate, active; can be insistent"
Oriental_52,Split_By_Members/Subhana\Oriental\Oriental_52,Oriental,Longhair and Shorthair,"Vocal, affectionate, active; can be insistent"
Persian_29,Split_By_Members/Subhana\Persian\Persian_29,Persian,Longhair,"Sweet, affectionate, quiet"
Persian_30,Split_By_Members/Subhana\Persian\Persian_30,Persian,Longhair,"Sweet, affectionate, quiet"
Persian_31,Split_By_Members/Subhana\Persian\Persian_31,Persian,Longhair,"Sweet, affectionate, quiet"
Persian_32,Split_By_Members/Subhana\Persian\Persian_32,Persian,Longhair,"Sweet, affectionate, quiet"
Persian_33,Split_By_Members/Subhana\Persian\Persian_33,Persian,Longhair,"Sweet, affectionate, quiet"
Persian_34,Split_By_Members/Subhana\Persian\Persian_34,Persian,Longhair,"Sweet, affectionate, quiet"
Persian_35,Split_By_Members/Subhana\Persian\Persian_35,Persian,Longhair,"Sweet, affectionate, quiet"
Persian_36,Split_By_Members/Subhana\Persian\Persian_36,Persian,Longhair,"Sweet, affectionate, quiet"
Persian_37,Split_By_Members/Subhana\Persian\Persian_37,Persian,Longhair,"Sweet, affectionate, quiet"
Persian_38,Split_By_Members/Subhana\Persian\Persian_38,Persian,Longhair,"Sweet, affectionate, quiet"
Persian_39,Split_By_Members/Subhana\Persian\Persian_39,Persian,Longhair,"Sweet, affectionate, quiet"
Persian_40,Split_By_Members/Subhana\Persian\Persian_40,Persian,Longhair,"Sweet, affectionate, quiet"
Persian_41,Split_By_Members/Subhana\Persian\Persian_41,Persian,Longhair,"Sweet, affectionate, quiet"
Persian_42,Split_By_Members/Subhana\Persian\Persian_42,Persian,Longhair,"Sweet, affectionate, quiet"
Persian_43,Split_By_Members/Subhana\Persian\Persian_43,Persian,Longhair,"Sweet, affectionate, quiet"
Persian_44,Split_By_Members/Subhana\Persian\Persian_44,Persian,Longhair,"Sweet, affectionate, quiet"
Persian_45,Split_By_Members/Subhana\Persian\Persian_45,Persian,Longhair,"Sweet, affectionate, quiet"
Persian_46,Split_By_Members/Subhana\Persian\Persian_46,Persian,Longhair,"Sweet, affectionate, quiet"
Persian_47,Split_By_Members/Subhana\Persian\Persian_47,Persian,Longhair,"Sweet, affectionate, quiet"
Ragdoll_32,Split_By_Members/Subhana\Ragdoll\Ragdoll_32,Ragdoll,Longhair,"Docile, placid and affectionate"
Ragdoll_33,Split_By_Members/Subhana\Ragdoll\Ragdoll_33,Ragdoll,Longhair,"Docile, placid and affectionate"
Ragdoll_34,Split_By_Members/Subhana\Ragdoll\Ragdoll_34,Ragdoll,Longhair,"Docile, placid and affectionate"
Ragdoll_35,Split_By_Members/Subhana\Ragdoll\Ragdoll_35,Ragdoll,Longhair,"Docile, placid and affectionate"
Ragdoll_36,Split_By_Members/Subhana\Ragdoll\Ragdoll_36,Ragdoll,Longhair,"Docile, placid and affectionate"
Ragdoll_37,Split_By_Members/Subhana\Ragdoll\Ragdoll_37,Ragdoll,Longhair,"Docile, placid and affectionate"
Ragdoll_38,Split_By_Members/Subhana\Ragdoll\Ragdoll_38,Ragdoll,Longhair,"Docile, placid and affectionate"
Ragdoll_39,Split_By_Members/Subhana\Ragdoll\Ragdoll_39,Ragdoll,Longhair,"Docile, placid and affectionate"
Ragdoll_40,Split_By_Members/Subhana\Ragdoll\Ragdoll_40,Ragdoll,Longhair,"Docile, placid and affectionate"
Ragdoll_41,Split_By_Members/Subhana\Ragdoll\Ragdoll_41,Ragdoll,Longhair,"Docile, placid and affectionate"
Ragdoll_42,Split_By_Members/Subhana\Ragdoll\Ragdoll_42,Ragdoll,Longhair,"Docile, placid and affectionate"
Ragdoll_43,Split_By_Members/Subhana\Ragdoll\Ragdoll_43,Ragdoll,Longhair,"Docile, placid and affectionate"
Ragdoll_44,Split_By_Members/Subhana\Ragdoll\Ragdoll_44,Ragdoll,Longhair,"Docile, placid and affectionate"
Ragdoll_45,Split_By_Members/Subhana\Ragdoll\Ragdoll_45,Ragdoll,Longhair,"Docile, placid and affectionate"
Ragdoll_46,Split_By_Members/Subhana\Ragdoll\Ragdoll_46,Ragdoll,Longhair,"Docile, placid and affectionate"
Ragdoll_47,Split_By_Members/Subhana\Ragdoll\Ragdoll_47,Ragdoll,Longhair,"Docile, placid and affectionate"
Ragdoll_48,Split_By_Members/Subhana\Ragdoll\Ragdoll_48,Ragdoll,Longhair,"Docile, placid and affectionate"
Ragdoll_49,Split_By_Members/Subhana\Ragdoll\Ragdoll_49,Ragdoll,Longhair,"Docile, placid and affectionate"
Ragdoll_50,Split_By_Members/Subhana\Ragdoll\Ragdoll_50,Ragdoll,Longhair,"Docile, placid and affectionate"
Ragdoll_51,Split_By_Members/Subhana\Ragdoll\Ragdoll_51,Ragdoll,Longhair,"Docile, placid and affectionate"
Ragdoll_52,Split_By_Members/Subhana\Ragdoll\Ragdoll_52,Ragdoll,Longhair,"Docile, placid and affectionate"
Russian_Blue_32,Split_By_Members/Subhana\Russian Blue\Russian_Blue_32,Russian Blue,Shorthair,"Graceful, playful and quiet"
Russian_Blue_33,Split_By_Members/Subhana\Russian Blue\Russian_Blue_33,Russian Blue,Shorthair,"Graceful, playful and quiet"
Russian_Blue_34,Split_By_Members/Subhana\Russian Blue\Russian_Blue_34,Russian Blue,Shorthair,"Graceful, playful and quiet"
Russian_Blue_35,Split_By_Members/Subhana\Russian Blue\Russian_Blue_35,Russian Blue,Shorthair,"Graceful, playful and quiet"
Russian_Blue_36,Split_By_Members/Subhana\Russian Blue\Russian_Blue_36,Russian Blue,Shorthair,"Graceful, playful and quiet"
Russian_Blue_37,Split_By_Members/Subhana\Russian Blue\Russian_Blue_37,Russian Blue,Shorthair,"Graceful, playful and quiet"
Russian_Blue_38,Split_By_Members/Subhana\Russian Blue\Russian_Blue_38,Russian Blue,Shorthair,"Graceful, playful and quiet"
Russian_Blue_39,Split_By_Members/Subhana\Russian Blue\Russian_Blue_39,Russian Blue,Shorthair,"Graceful, playful and quiet"
Russian_Blue_40,Split_By_Members/Subhana\Russian Blue\Russian_Blue_40,Russian Blue,Shorthair,"Graceful, playful and quiet"
Russian_Blue_41,Split_By_Members/Subhana\Russian Blue\Russian_Blue_41,Russian Blue,Shorthair,"Graceful, playful and quiet"
Russian_Blue_42,Split_By_Members/Subhana\Russian Blue\Russian_Blue_42,Russian Blue,Shorthair,"Graceful, playful and quiet"
Russian_Blue_43,Split_By_Members/Subhana\Russian Blue\Russian_Blue_43,Russian Blue,Shorthair,"Graceful, playful and quiet"
Russian_Blue_44,Split_By_Members/Subhana\Russian Blue\Russian_Blue_44,Russian Blue,Shorthair,"Graceful, playful and quiet"
Russian_Blue_45,Split_By_Members/Subhana\Russian Blue\Russian_Blue_45,Russian Blue,Shorthair,"Graceful, playful and quiet"
Russian_Blue_46,Split_By_Members/Subhana\Russian Blue\Russian_Blue_46,Russian Blue,Shorthair,"Graceful, playful and quiet"
Russian_Blue_47,Split_By_Members/Subhana\Russian Blue\Russian_Blue_47,Russian Blue,Shorthair,"Graceful, playful and quiet"
Russian_Blue_48,Split_By_Members/Subhana\Russian Blue\Russian_Blue_48,Russian Blue,Shorthair,"Graceful, playful and quiet"
Russian_Blue_49,Split_By_Members/Subhana\Russian Blue\Russian_Blue_49,Russian Blue,Shorthair,"Graceful, playful and quiet"
Russian_Blue_50,Split_By_Members/Subhana\Russian Blue\Russian_Blue_50,Russian Blue,Shorthair,"Graceful, playful and quiet"
Russian_Blue_51,Split_By_Members/Subhana\Russian Blue\Russian_Blue_51,Russian Blue,Shorthair,"Graceful, playful and quiet"
Russian_Blue_52,Split_By_Members/Subhana\Russian Blue\Russian_Blue_52,Russian Blue,Shorthair,"Graceful, playful and quiet"
Scottish_Fold_32,Split_By_Members/Subhana\Scottish Fold\Scottish_Fold_32,Scottish Fold,Longhair and Shorthair,Affectionate and laid back; sweet expressions
Scottish_Fold_33,Split_By_Members/Subhana\Scottish Fold\Scottish_Fold_33,Scottish Fold,Longhair and Shorthair,Affectionate and laid back; sweet expressions
Scottish_Fold_34,Split_By_Members/Subhana\Scottish Fold\Scottish_Fold_34,Scottish Fold,Longhair and Shorthair,Affectionate and laid back; sweet expressions
Scottish_Fold_35,Split_By_Members/Subhana\Scottish Fold\Scottish_Fold_35,Scottish Fold,Longhair and Shorthair,Affectionate and laid back; sweet expressions
Scottish_Fold_36,Split_By_Members/Subhana\Scottish Fold\Scottish_Fold_36,Scottish Fold,Longhair and Shorthair,Affectionate and laid back; sweet expressions
Scottish_Fold_37,Split_By_Members/Subhana\Scottish Fold\Scottish_Fold_37,Scottish Fold,Longhair and Shorthair,Affectionate and laid back; sweet expressions
Scottish_Fold_38,Split_By_Members/Subhana\Scottish Fold\Scottish_Fold_38,Scottish Fold,Longhair and Shorthair,Affectionate and laid back; sweet expressions
Scottish_Fold_39,Split_By_Members/Subhana\Scottish Fold\Scottish_Fold_39,Scottish Fold,Longhair and Shorthair,Affectionate and laid back; sweet expressions
Scottish_Fold_40,Split_By_Members/Subhana\Scottish Fold\Scottish_Fold_40,Scottish Fold,Longhair and Shorthair,Affectionate and laid back; sweet expressions
Scottish_Fold_41,Split_By_Members/Subhana\Scottish Fold\Scottish_Fold_41,Scottish Fold,Longhair and Shorthair,Affectionate and laid back; sweet expressions
Scottish_Fold_42,Split_By_Members/Subhana\Scottish Fold\Scottish_Fold_42,Scottish Fold,Longhair and Shorthair,Affectionate and laid back; sweet expressions
Scottish_Fold_43,Split_By_Members/Subhana\Scottish Fold\Scottish_Fold_43,Scottish Fold,Longhair and Shorthair,Affectionate and laid back; sweet expressions
Scottish_Fold_44,Split_By_Members/Subhana\Scottish Fold\Scottish_Fold_44,Scottish Fold,Longhair and Shorthair,Affectionate and laid back; sweet expressions
Scottish_Fold_45,Split_By_Members/Subhana\Scottish Fold\Scottish_Fold_45,Scottish Fold,Longhair and Shorthair,Affectionate and laid back; sweet expressions
Scottish_Fold_46,Split_By_Members/Subhana\Scottish Fold\Scottish_Fold_46,Scottish Fold,Longhair and Shorthair,Affectionate and laid back; sweet expressions
Scottish_Fold_47,Split_By_Members/Subhana\Scottish Fold\Scottish_Fold_47,Scottish Fold,Longhair and Shorthair,Affectionate and laid back; sweet expressions
Scottish_Fold_48,Split_By_Members/Subhana\Scottish Fold\Scottish_Fold_48,Scottish Fold,Longhair and Shorthair,Affectionate and laid back; sweet expressions
Scottish_Fold_49,Split_By_Members/Subhana\Scottish Fold\Scottish_Fold_49,Scottish Fold,Longhair and Shorthair,Affectionate and laid back; sweet expressions
Scottish_Fold_50,Split_By_Members/Subhana\Scottish Fold\Scottish_Fold_50,Scottish Fold,Longhair and Shorthair,Affectionate and laid back; sweet expressions
Scottish_Fold_51,Split_By_Members/Subhana\Scottish Fold\Scottish_Fold_51,Scottish Fold,Longhair and Shorthair,Affectionate and laid back; sweet expressions
Selkirk_Rex_30,Split_By_Members/Subhana\Selkirk Rex\Selkirk_Rex_30,Selkirk Rex,Longhair and Shorthair,Quiet
Selkirk_Rex_31,Split_By_Members/Subhana\Selkirk Rex\Selkirk_Rex_31,Selkirk Rex,Longhair and Shorthair,Quiet
Selkirk_Rex_33,Split_By_Members/Subhana\Selkirk Rex\Selkirk_Rex_33,Selkirk Rex,Longhair and Shorthair,Quiet
Selkirk_Rex_34,Split_By_Members/Subhana\Selkirk Rex\Selkirk_Rex_34,Selkirk Rex,Longhair and Shorthair,Quiet
Selkirk_Rex_35,Split_By_Members/Subhana\Selkirk Rex\Selkirk_Rex_35,Selkirk Rex,Longhair and Shorthair,Quiet
Selkirk_Rex_36,Split_By_Members/Subhana\Selkirk Rex\Selkirk_Rex_36,Selkirk Rex,Longhair and Shorthair,Quiet
Selkirk_Rex_37,Split_By_Members/Subhana\Selkirk Rex\Selkirk_Rex_37,Selkirk Rex,Longhair and Shorthair,Quiet
Selkirk_Rex_38,Split_By_Members/Subhana\Selkirk Rex\Selkirk_Rex_38,Selkirk Rex,Longhair and Shorthair,Quiet
Selkirk_Rex_39,Split_By_Members/Subhana\Selkirk Rex\Selkirk_Rex_39,Selkirk Rex,Longhair and Shorthair,Quiet
Selkirk_Rex_40,Split_By_Members/Subhana\Selkirk Rex\Selkirk_Rex_40,Selkirk Rex,Longhair and Shorthair,Quiet
Selkirk_Rex_41,Split_By_Members/Subhana\Selkirk Rex\Selkirk_Rex_41,Selkirk Rex,Longhair and Shorthair,Quiet
Selkirk_Rex_42,Split_By_Members/Subhana\Selkirk Rex\Selkirk_Rex_42,Selkirk Rex,Longhair and Shorthair,Quiet
Selkirk_Rex_43,Split_By_Members/Subhana\Selkirk Rex\Selkirk_Rex_43,Selkirk Rex,Longhair and Shorthair,Quiet
Selkirk_Rex_44,Split_By_Members/Subhana\Selkirk Rex\Selkirk_Rex_44,Selkirk Rex,Longhair and Shorthair,Quiet
Selkirk_Rex_45,Split_By_Members/Subhana\Selkirk Rex\Selkirk_Rex_45,Selkirk Rex,Longhair and Shorthair,Quiet
Selkirk_Rex_46,Split_By_Members/Subhana\Selkirk Rex\Selkirk_Rex_46,Selkirk Rex,Longhair and Shorthair,Quiet
Selkirk_Rex_47,Split_By_Members/Subhana\Selkirk Rex\Selkirk_Rex_47,Selkirk Rex,Longhair and Shorthair,Quiet
Selkirk_Rex_48,Split_By_Members/Subhana\Selkirk Rex\Selkirk_Rex_48,Selkirk Rex,Longhair and Shorthair,Quiet
Selkirk_Rex_49,Split_By_Members/Subhana\Selkirk Rex\Selkirk_Rex_49,Selkirk Rex,Longhair and Shorthair,Quiet
Siamese_31,Split_By_Members/Subhana\Siamese\Siamese_31,Siamese,Shorthair,"Vocal, affectionate, active; can be insistent"
Siamese_32,Split_By_Members/Subhana\Siamese\Siamese_32,Siamese,Shorthair,"Vocal, affectionate, active; can be insistent"
Siamese_33,Split_By_Members/Subhana\Siamese\Siamese_33,Siamese,Shorthair,"Vocal, affectionate, active; can be insistent"
Siamese_34,Split_By_Members/Subhana\Siamese\Siamese_34,Siamese,Shorthair,"Vocal, affectionate, active; can be insistent"
Siamese_35,Split_By_Members/Subhana\Siamese\Siamese_35,Siamese,Shorthair,"Vocal, affectionate, active; can be insistent"
Siamese_36,Split_By_Members/Subhana\Siamese\Siamese_36,Siamese,Shorthair,"Vocal, affectionate, active; can be insistent"
Siamese_37,Split_By_Members/Subhana\Siamese\Siamese_37,Siamese,Shorthair,"Vocal, affectionate, active; can be insistent"
Siamese_38,Split_By_Members/Subhana\Siamese\Siamese_38,Siamese,Shorthair,"Vocal, affectionate, active; can be insistent"
Siamese_39,Split_By_Members/Subhana\Siamese\Siamese_39,Siamese,Shorthair,"Vocal, affectionate, active; can be insistent"
Siamese_40,Split_By_Members/Subhana\Siamese\Siamese_40,Siamese,Shorthair,"Vocal, affectionate, active; can be insistent"
Siamese_41,Split_By_Members/Subhana\Siamese\Siamese_41,Siamese,Shorthair,"Vocal, affectionate, active; can be insistent"
Siamese_42,Split_By_Members/Subhana\Siamese\Siamese_42,Siamese,Shorthair,"Vocal, affectionate, active; can be insistent"
Siamese_43,Split_By_Members/Subhana\Siamese\Siamese_43,Siamese,Shorthair,"Vocal, affectionate, active; can be insistent"
Siamese_44,Split_By_Members/Subhana\Siamese\Siamese_44,Siamese,Shorthair,"Vocal, affectionate, active; can be insistent"
Siamese_45,Split_By_Members/Subhana\Siamese\Siamese_45,Siamese,Shorthair,"Vocal, affectionate, active; can be insistent"
Siamese_46,Split_By_Members/Subhana\Siamese\Siamese_46,Siamese,Shorthair,"Vocal, affectionate, active; can be insistent"
Siamese_47,Split_By_Members/Subhana\Siamese\Siamese_47,Siamese,Shorthair,"Vocal, affectionate, active; can be insistent"
Siamese_48,Split_By_Members/Subhana\Siamese\Siamese_48,Siamese,Shorthair,"Vocal, affectionate, active; can be insistent"
Siamese_49,Split_By_Members/Subhana\Siamese\Siamese_49,Siamese,Shorthair,"Vocal, affectionate, active; can be insistent"
Siamese_50,Split_By_Members/Subhana\Siamese\Siamese_50,Siamese,Shorthair,"Vocal, affectionate, active; can be insistent"
Siamese_51,Split_By_Members/Subhana\Siamese\Siamese_51,Siamese,Shorthair,"Vocal, affectionate, active; can be insistent"
Siberian_31,Split_By_Members/Subhana\Siberian\Siberian_31,Siberian,Longhair,"Dog-like, intelligent and devoted"
Siberian_32,Split_By_Members/Subhana\Siberian\Siberian_32,Siberian,Longhair,"Dog-like, intelligent and devoted"
Siberian_34,Split_By_Members/Subhana\Siberian\Siberian_34,Siberian,Longhair,"Dog-like, intelligent and devoted"
Siberian_35,Split_By_Members/Subhana\Siberian\Siberian_35,Siberian,Longhair,"Dog-like, intelligent and devoted"
Siberian_36,Split_By_Members/Subhana\Siberian\Siberian_36,Siberian,Longhair,"Dog-like, intelligent and devoted"
Siberian_37,Split_By_Members/Subhana\Siberian\Siberian_37,Siberian,Longhair,"Dog-like, intelligent and devoted"
Siberian_38,Split_By_Members/Subhana\Siberian\Siberian_38,Siberian,Longhair,"Dog-like, intelligent and devoted"
Siberian_39,Split_By_Members/Subhana\Siberian\Siberian_39,Siberian,Longhair,"Dog-like, intelligent and devoted"
Siberian_40,Split_By_Members/Subhana\Siberian\Siberian_40,Siberian,Longhair,"Dog-like, intelligent and devoted"
Siberian_41,Split_By_Members/Subhana\Siberian\Siberian_41,Siberian,Longhair,"Dog-like, intelligent and devoted"
Siberian_42,Split_By_Members/Subhana\Siberian\Siberian_42,Siberian,Longhair,"Dog-like, intelligent and devoted"
Siberian_43,Split_By_Members/Subhana\Siberian\Siberian_43,Siberian,Longhair,"Dog-like, intelligent and devoted"
Siberian_44,Split_By_Members/Subhana\Siberian\Siberian_44,Siberian,Longhair,"Dog-like, intelligent and devoted"
Siberian_45,Split_By_Members/Subhana\Siberian\Siberian_45,Siberian,Longhair,"Dog-like, intelligent and devoted"
Siberian_46,Split_By_Members/Subhana\Siberian\Siberian_46,Siberian,Longhair,"Dog-like, intelligent and devoted"
Siberian_47,Split_By_Members/Subhana\Siberian\Siberian_47,Siberian,Longhair,"Dog-like, intelligent and devoted"
Siberian_48,Split_By_Members/Subhana\Siberian\Siberian_48,Siberian,Longhair,"Dog-like, intelligent and devoted"
Siberian_49,Split_By_Members/Subhana\Siberian\Siberian_49,Siberian,Longhair,"Dog-like, intelligent and devoted"
Siberian_50,Split_By_Members/Subhana\Siberian\Siberian_50,Siberian,Longhair,"Dog-like, intelligent and devoted"
Siberian_51,Split_By_Members/Subhana\Siberian\Siberian_51,Siberian,Longhair,"Dog-like, intelligent and devoted"
Siberian_52,Split_By_Members/Subhana\Siberian\Siberian_52,Siberian,Longhair,"Dog-like, intelligent and devoted"
Sphynx_31,Split_By_Members/Subhana\Sphynx\Sphynx_31,Sphynx,Shorthair,"Active, affectionate"
Sphynx_32,Split_By_Members/Subhana\Sphynx\Sphynx_32,Sphynx,Shorthair,"Active, affectionate"
Sphynx_33,Split_By_Members/Subhana\Sphynx\Sphynx_33,Sphynx,Shorthair,"Active, affectionate"
Sphynx_34,Split_By_Members/Subhana\Sphynx\Sphynx_34,Sphynx,Shorthair,"Active, affectionate"
Sphynx_35,Split_By_Members/Subhana\Sphynx\Sphynx_35,Sphynx,Shorthair,"Active, affectionate"
Sphynx_36,Split_By_Members/Subhana\Sphynx\Sphynx_36,Sphynx,Shorthair,"Active, affectionate"
Sphynx_37,Split_By_Members/Subhana\Sphynx\Sphynx_37,Sphynx,Shorthair,"Active, affectionate"
Sphynx_38,Split_By_Members/Subhana\Sphynx\Sphynx_38,Sphynx,Shorthair,"Active, affectionate"
Sphynx_39,Split_By_Members/Subhana\Sphynx\Sphynx_39,Sphynx,Shorthair,"Active, affectionate"
Sphynx_40,Split_By_Members/Subhana\Sphynx\Sphynx_40,Sphynx,Shorthair,"Active, affectionate"
Sphynx_41,Split_By_Members/Subhana\Sphynx\Sphynx_41,Sphynx,Shorthair,"Active, affectionate"
Sphynx_42,Split_By_Members/Subhana\Sphynx\Sphynx_42,Sphynx,Shorthair,"Active, affectionate"
Sphynx_43,Split_By_Members/Subhana\Sphynx\Sphynx_43,Sphynx,Shorthair,"Active, affectionate"
Sphynx_44,Split_By_Members/Subhana\Sphynx\Sphynx_44,Sphynx,Shorthair,"Active, affectionate"
Sphynx_45,Split_By_Members/Subhana\Sphynx\Sphynx_45,Sphynx,Shorthair,"Active, affectionate"
Sphynx_46,Split_By_Members/Subhana\Sphynx\Sphynx_46,Sphynx,Shorthair,"Active, affectionate"
Sphynx_47,Split_By_Members/Subhana\Sphynx\Sphynx_47,Sphynx,Shorthair,"Active, affectionate"
Sphynx_48,Split_By_Members/Subhana\Sphynx\Sphynx_48,Sphynx,Shorthair,"Active, affectionate"
Sphynx_49,Split_By_Members/Subhana\Sphynx\Sphynx_49,Sphynx,Shorthair,"Active, affectionate"
Sphynx_50,Split_By_Members/Subhana\Sphynx\Sphynx_50,Sphynx,Shorthair,"Active, affectionate"
Sphynx_51,Split_By_Members/Subhana\Sphynx\Sphynx_51,Sphynx,Shorthair,"Active, affectionate"
